,City,Lat,Lng,Max Temp,Humidity,Cloudiness,Wind Speed,Country,Date
0,Itanagar,27.1,93.6167,295.09,98,52,1.24,IN,1622566527
1,Alexander City,32.944,-85.9539,302.01,61,1,2.57,US,1622566420
2,Upernavik,72.7868,-56.1549,272.86,85,54,1.53,GL,1622566528
3,Port Alfred,-33.5906,26.891,290.13,82,100,5.87,ZA,1622566451
4,Srīsailain,16.0833,78.8667,304.39,46,89,0.66,IN,1622566528
5,Atuona,-9.8,-139.0333,299.56,77,22,7.26,PF,1622566528
6,Narón,43.5167,-8.1528,293.1,79,23,5.96,ES,1622566529
7,Albany,42.6001,-73.9662,296.56,50,100,1.41,US,1622566529
8,Bethel,41.3712,-73.414,297.65,55,100,0.45,US,1622566529
9,Matagami,49.7502,-77.6328,293.21,37,40,4.44,CA,1622566530
10,Kavieng,-2.5744,150.7967,298.23,90,100,2.94,PG,1622566530
11,Tautira,-17.7333,-149.15,297.16,63,67,5.82,PF,1622566530
12,Cockburn Town,21.4612,-71.1419,301.13,69,40,5.66,TC,1622566525
13,Cap Malheureux,-19.9842,57.6142,294.42,75,90,7.75,MU,1622566531
14,Jarabacoa,19.1218,-70.6422,301.71,56,93,4.08,DO,1622566531
15,Yellowknife,62.456,-114.3525,286.64,87,90,2.57,CA,1622566531
16,Butaritari,3.0707,172.7902,301.09,82,81,7.48,KI,1622566532
17,La Asuncion,11.0333,-63.8628,307.0,52,59,7.74,VE,1622566532
18,Mataura,-46.1927,168.8643,282.86,83,98,1.75,NZ,1622566532
19,Coahuayana Viejo,18.7333,-103.6833,306.96,48,88,2.56,MX,1622566533
20,Sitka,57.0531,-135.33,284.09,87,90,2.57,US,1622566533
21,Rikitea,-23.1203,-134.9692,295.15,55,61,9.71,PF,1622566533
22,Geraldton,-28.7667,114.6,285.38,87,0,3.91,AU,1622566533
23,Rzhaksa,52.1338,42.0264,286.53,76,100,4.15,RU,1622566534
24,Pevek,69.7008,170.3133,275.36,68,10,1.03,RU,1622566534
25,Teya,60.3778,92.6267,285.89,57,98,2.4,RU,1622566534
26,Hermanus,-34.4187,19.2345,288.09,80,7,1.6,ZA,1622566535
27,Vaini,-21.2,-175.2,294.24,100,90,2.06,TO,1622566535
28,La Santisima Trinidad,-14.8333,-64.9,299.14,69,76,0.0,BO,1622566535
29,Bonfim,3.0833,-59.95,299.28,81,100,2.69,BR,1622566536
30,Qaanaaq,77.484,-69.3632,272.78,82,98,1.14,GL,1622566536
31,Puerto Ayora,-0.7393,-90.3518,297.9,86,95,2.24,EC,1622566536
32,Tuatapere,-46.1333,167.6833,283.05,85,79,2.35,NZ,1622566536
33,Barrow,71.2906,-156.7887,272.16,80,90,8.23,US,1622566537
34,Yumen,40.2833,97.2,291.18,14,83,3.03,CN,1622566537
35,Andreapol',56.6513,32.2664,286.86,57,53,1.87,RU,1622566537
36,Port Hedland,-20.3167,118.5667,293.18,45,96,4.12,AU,1622566538
37,Port Elizabeth,-33.918,25.5701,289.31,82,20,6.69,ZA,1622566538
38,Kapaa,22.0752,-159.319,297.14,97,40,2.63,US,1622566538
39,Alofi,-19.0595,-169.9187,297.09,94,75,1.54,NU,1622566539
40,Severo-Kuril'sk,50.6789,156.125,276.82,95,100,2.01,RU,1622566539
41,Saskylakh,71.9167,114.0833,275.21,82,100,3.24,RU,1622566539
42,Ushuaia,-54.8,-68.3,271.96,100,75,6.17,AR,1622566295
43,Presidente Médici,-11.1753,-61.9014,303.65,53,100,1.21,BR,1622566540
44,Vila Franca do Campo,37.7167,-25.4333,291.38,61,15,6.86,PT,1622566540
45,Karratha,-20.7377,116.8463,295.14,30,91,7.34,AU,1622566540
46,Ahipara,-35.1667,173.1667,286.34,85,29,3.74,NZ,1622566541
47,Vila Velha,-20.3297,-40.2925,299.79,68,40,0.45,BR,1622566541
48,Namatanai,-3.6667,152.4333,298.36,90,100,2.61,PG,1622566541
49,Tuktoyaktuk,69.4541,-133.0374,273.15,86,90,3.6,CA,1622566542
50,Hilo,19.7297,-155.09,297.94,92,32,1.34,US,1622566542
51,Pangnirtung,66.1451,-65.7125,278.15,56,90,3.6,CA,1622566542
52,Punta Arenas,-53.15,-70.9167,274.21,80,75,1.27,CL,1622566542
53,Taggia,43.8485,7.8545,297.13,42,89,1.59,IT,1622566543
54,Nuuk,64.1835,-51.7216,279.75,70,81,2.68,GL,1622566543
55,Cape Town,-33.9258,18.4232,288.38,72,0,3.96,ZA,1622565984
56,Comitancillo,15.0833,-91.7167,294.08,54,54,0.31,GT,1622566543
57,Dingle,10.9995,122.6711,297.53,96,100,4.96,PH,1622566544
58,Barra de Tecoanapa,16.5167,-98.75,304.24,63,78,3.32,MX,1622566544
59,Kuching,1.55,110.3333,299.27,89,20,1.03,MY,1622566507
60,Tazovsky,67.4667,78.7,279.64,66,44,6.56,RU,1622566544
61,Kaitangata,-46.2817,169.8464,280.89,70,84,4.44,NZ,1622566545
62,São Filipe,14.8961,-24.4956,297.02,75,99,4.84,CV,1622566545
63,Mar del Plata,-38.0023,-57.5575,291.53,50,0,0.45,AR,1622566545
64,Port Hardy,50.6996,-127.4199,288.25,88,75,1.03,CA,1622566546
65,Saint-Augustin,51.226,-58.6502,281.94,91,100,3.97,CA,1622566546
66,Provideniya,64.3833,-173.3,274.86,58,2,5.54,RU,1622566546
67,Oktyabr'skiy,54.4815,53.471,287.07,88,100,4.12,RU,1622566546
68,Bredasdorp,-34.5322,20.0403,286.77,82,23,1.47,ZA,1622566547
69,Tiksi,71.6872,128.8694,276.04,92,99,2.14,RU,1622566547
70,Huarmey,-10.0681,-78.1522,294.16,76,100,5.11,PE,1622566547
71,Hasaki,35.7333,140.8333,288.81,79,62,3.52,JP,1622566548
72,Sola,-13.8833,167.55,299.6,78,81,10.55,VU,1622566548
73,Airai,-8.9266,125.4092,287.66,95,92,0.97,TL,1622566548
74,Saint-Philippe,-21.3585,55.7679,296.92,79,57,4.89,RE,1622566549
75,Chokurdakh,70.6333,147.9167,286.06,48,8,2.8,RU,1622566549
76,Havøysund,70.9963,24.6622,281.64,98,100,7.58,NO,1622566549
77,Taltal,-25.4,-70.4833,292.6,67,12,2.19,CL,1622566550
78,New Norfolk,-42.7826,147.0587,285.69,71,81,0.89,AU,1622566550
79,Bluff,-46.6,168.3333,283.04,83,99,8.54,NZ,1622566550
80,Saint Paul Harbor,57.79,-152.4072,280.88,93,90,2.57,US,1622566550
81,Moose Factory,51.2585,-80.6094,292.15,59,75,7.2,CA,1622566551
82,Wanning,18.8003,110.3967,301.44,93,100,4.88,CN,1622566551
83,Umm Kaddadah,13.6017,26.6876,311.7,11,71,3.67,SD,1622566551
84,Chernyshevskiy,63.0128,112.4714,286.91,59,100,0.8,RU,1622566552
85,Oban,56.4127,-5.4706,291.14,79,95,1.41,GB,1622566552
86,Tasiilaq,65.6145,-37.6368,275.71,64,29,1.5,GL,1622566552
87,Ballina,-28.8667,153.5667,285.34,100,52,0.0,AU,1622566553
88,Verkhoyansk,67.5447,133.385,284.13,67,13,1.49,RU,1622566553
89,Hobart,-42.8794,147.3294,285.88,68,69,1.79,AU,1622566284
90,Longyearbyen,78.2186,15.6401,274.06,100,90,3.6,SJ,1622566553
91,Sabang,5.8933,95.3214,301.72,74,100,6.07,ID,1622566554
92,Uchiza,-8.4592,-76.4633,301.7,62,100,1.09,PE,1622566554
93,Tiarei,-17.5333,-149.3333,297.16,64,23,6.59,PF,1622566554
94,Hofn,64.2539,-15.2082,280.81,84,84,10.3,IS,1622566555
95,Balasore,21.4942,86.9317,302.84,72,31,3.95,IN,1622566555
96,Kupang,-10.1667,123.5833,298.06,87,44,3.97,ID,1622566555
97,Qandala,11.472,49.8728,304.61,63,74,3.24,SO,1622566555
98,Kalemie,-5.9475,29.1947,295.74,69,22,0.7,CD,1622566556
99,Busselton,-33.65,115.3333,286.51,68,92,2.19,AU,1622566556
100,Naryan-Mar,67.6713,53.087,275.37,71,100,9.99,RU,1622566556
101,Adrar,20.5022,-10.0711,313.16,15,41,1.82,MR,1622566557
102,Beloha,-25.1667,45.05,292.58,78,100,6.84,MG,1622566557
103,Khatanga,71.9667,102.5,274.76,86,100,7.14,RU,1622566557
104,Dikson,73.5069,80.5464,273.13,98,100,3.95,RU,1622566558
105,Kruisfontein,-34.0033,24.7314,287.0,77,24,6.32,ZA,1622566558
106,Naples,40.8333,14.25,297.8,57,20,0.89,IT,1622566439
107,Nome,64.5011,-165.4064,282.68,52,0,2.97,US,1622566435
108,Port-Gentil,-0.7193,8.7815,300.13,78,75,6.17,GA,1622566558
109,Udachny,66.4167,112.4,288.06,66,100,3.37,RU,1622566559
110,Comodoro Rivadavia,-45.8667,-67.5,282.07,57,20,6.69,AR,1622566275
111,Kavaratti,10.5669,72.642,301.75,77,100,8.78,IN,1622566559
112,Salalah,17.0151,54.0924,301.21,78,100,4.72,OM,1622566559
113,George Town,5.4112,100.3354,301.98,86,20,1.54,MY,1622566327
114,Carauari,-4.8828,-66.8958,306.51,49,34,1.21,BR,1622566318
115,San Juan del Río,20.3833,-100.0,297.4,38,83,3.66,MX,1622566560
116,Iqaluit,63.7506,-68.5145,274.0,93,90,2.68,CA,1622566560
117,Ribeira Grande,38.5167,-28.7,291.37,52,40,5.66,PT,1622566561
118,Amsterdam,52.374,4.8897,298.63,38,0,2.24,NL,1622566265
119,Oddur,4.1213,43.8894,298.02,66,100,7.37,SO,1622566561
120,Bāfq,31.6128,55.4107,309.02,7,1,6.16,IR,1622566561
121,Poso,-1.3959,120.7524,298.19,87,100,1.92,ID,1622566562
122,Atar,20.5169,-13.0499,314.35,15,63,4.27,MR,1622566562
123,Yaan,7.3833,8.5667,299.99,68,100,2.83,NG,1622566562
124,Melton,-37.6833,144.5833,284.13,77,71,3.17,AU,1622566563
125,Monrovia,6.3005,-10.7969,300.99,74,83,3.81,LR,1622566563
126,Faya,18.3851,42.4509,300.44,15,4,5.63,SA,1622566563
127,San Vicente,-26.6167,-54.1333,296.73,36,4,2.09,AR,1622566564
128,Kirakira,-10.4544,161.9205,298.9,90,92,4.12,SB,1622566564
129,Bubaque,11.2833,-15.8333,299.42,79,94,4.8,GW,1622566564
130,Kamenka,51.3223,42.7678,288.2,77,100,4.53,RU,1622566565
131,Bocaiúva,-17.1078,-43.815,301.99,30,34,1.98,BR,1622566565
132,Saint George,37.1041,-113.5841,306.41,13,1,1.34,US,1622566190
133,Dryden,49.7833,-92.7503,293.31,37,75,4.63,CA,1622566566
134,Chui,-33.6971,-53.4616,292.34,49,90,6.13,UY,1622566269
135,Labuhan,-6.8844,112.2051,299.09,86,18,2.56,ID,1622566566
136,Sisimiut,66.9395,-53.6735,277.61,70,30,3.42,GL,1622566566
137,Pīpri,19.8,75.5333,300.95,57,92,4.82,IN,1622566567
138,Olafsvik,64.8945,-23.7142,280.95,76,83,7.41,IS,1622566567
139,Aldan,58.6031,125.3894,281.07,94,100,1.7,RU,1622566567
140,Samarai,-10.6167,150.6667,298.7,81,100,7.76,PG,1622566567
141,Yangi Marg`ilon,40.4272,71.7189,303.55,25,64,2.06,UZ,1622566568
142,Avarua,-21.2078,-159.775,292.18,100,75,1.03,CK,1622566568
143,Cogoleto,44.3893,8.6429,298.04,63,0,1.16,IT,1622566568
144,Santa Isabel Rio Negro,-0.4139,-65.0192,302.99,70,39,0.68,BR,1622566569
145,Faanui,-16.4833,-151.75,299.41,73,64,6.61,PF,1622566569
146,Mehamn,71.0357,27.8492,281.25,98,100,8.34,NO,1622566569
147,Waipawa,-41.4122,175.5153,282.0,90,23,1.7,NZ,1622566570
148,Carnarvon,-24.8667,113.6333,285.19,87,81,3.6,AU,1622566570
149,Brigantine,39.4101,-74.3646,298.86,83,100,5.23,US,1622566570
150,Sistranda,63.7256,8.834,295.13,68,16,2.2,NO,1622566571
151,Vitim,59.4511,112.5578,284.99,59,66,0.47,RU,1622566571
152,Djibo,14.1022,-1.6306,314.63,12,6,0.6,BF,1622566571
153,Thompson,55.7435,-97.8558,285.24,58,40,2.06,CA,1622566571
154,Haines Junction,60.7522,-137.5108,287.12,41,78,5.66,CA,1622566572
155,Lorengau,-2.0226,147.2712,298.94,85,100,1.01,PG,1622566572
156,Caravelas,-17.7125,-39.2481,300.32,61,13,3.15,BR,1622566572
157,Hobbs,32.7026,-103.136,296.04,58,75,1.34,US,1622566573
158,Calvinia,-31.4707,19.776,283.5,58,0,2.8,ZA,1622566452
159,Hualmay,-11.0964,-77.6139,293.75,74,99,4.63,PE,1622566573
160,Quatre Cocos,-20.2078,57.7625,294.21,78,97,6.26,MU,1622566573
161,Erciş,39.0287,43.3586,289.77,44,0,4.47,TR,1622566573
162,Olinda,-8.0089,-34.8553,300.0,65,40,3.72,BR,1622566574
163,Mahébourg,-20.4081,57.7,294.31,100,75,1.03,MU,1622566574
164,Puerto Carreño,6.189,-67.4859,301.27,76,95,6.12,CO,1622566404
165,Guerrero Negro,27.9769,-114.0611,293.95,54,2,3.77,MX,1622566574
166,Flinders,-34.5833,150.8552,285.03,77,99,0.89,AU,1622566575
167,São Félix do Xingu,-6.6447,-51.995,306.26,33,2,2.14,BR,1622566575
168,Palmer,42.1584,-72.3287,297.31,53,100,0.89,US,1622566575
169,Souillac,-20.5167,57.5167,294.36,100,75,4.68,MU,1622566576
170,Zhaozhou,45.6833,125.3167,286.89,44,57,3.14,CN,1622566576
171,Panguipulli,-39.6333,-72.3333,286.99,94,100,1.96,CL,1622566576
172,Pułtusk,52.7025,21.0828,292.14,71,83,3.43,PL,1622566576
173,Nouadhibou,20.931,-17.0347,295.14,73,0,10.29,MR,1622566577
174,Yulara,-25.2406,130.9889,287.06,62,75,4.63,AU,1622566577
175,Richards Bay,-28.783,32.0377,290.41,77,100,3.89,ZA,1622566577
176,Bara,10.3744,10.7288,305.03,35,76,7.16,NG,1622566578
177,Forécariah,9.4306,-13.0881,305.07,63,86,3.83,GN,1622566578
178,Kununurra,-15.7667,128.7333,292.14,88,66,1.54,AU,1622566578
179,Villa de Reyes,21.8,-100.9333,297.51,40,66,2.69,MX,1622566579
180,Lüderitz,-26.6481,15.1594,292.66,37,0,8.0,NA,1622566579
181,Upington,-28.4478,21.2561,287.36,38,0,2.06,ZA,1622566579
182,Kahului,20.8947,-156.47,300.84,76,20,2.06,US,1622566301
183,Ilulissat,69.2167,-51.1,275.62,75,27,2.64,GL,1622566579
184,Jamestown,42.097,-79.2353,294.87,42,1,2.24,US,1622566451
185,Acaraú,-2.8856,-40.12,301.42,74,27,5.16,BR,1622566580
186,Naregal,15.5833,75.8167,300.42,66,92,6.36,IN,1622566580
187,Nanortalik,60.1432,-45.2371,277.39,81,76,4.78,GL,1622566581
188,San Luis,-33.295,-66.3356,293.08,34,96,4.35,AR,1622566581
189,Bundaberg,-24.85,152.35,290.49,95,5,1.34,AU,1622566581
190,Constitución,-35.3333,-72.4167,287.86,98,100,2.45,CL,1622566581
191,Palu,-0.8917,119.8707,297.84,97,99,1.3,ID,1622566582
192,Matamoros,25.5333,-103.25,300.43,49,25,4.48,MX,1622566582
193,Bata,1.8639,9.7658,297.86,92,100,2.41,GQ,1622566582
194,Kashary,49.04,41.0056,289.44,92,100,7.86,RU,1622566583
195,Narsaq,60.9167,-46.05,282.35,47,44,2.89,GL,1622566583
196,Esperance,-33.8667,121.9,286.06,75,95,3.86,AU,1622566583
197,Konëvo,62.1215,39.3192,284.26,64,92,3.22,RU,1622566584
198,Terrace,54.5163,-128.6035,286.16,100,90,1.03,CA,1622566584
199,Várzea Paulista,-23.2114,-46.8283,295.63,44,0,2.28,BR,1622566538
200,Oranjemund,-28.55,16.4333,288.12,68,0,8.6,NA,1622566519
201,Ayan,56.45,138.1667,275.69,99,92,5.56,RU,1622566584
202,Sibu,2.3,111.8167,298.32,94,40,0.35,MY,1622566585
203,Puerto Quijarro,-17.7833,-57.7667,305.5,37,84,1.15,BO,1622566585
204,São João da Barra,-21.6403,-41.0511,299.2,70,97,3.08,BR,1622566585
205,Husavik,66.0449,-17.3389,282.1,80,100,1.14,IS,1622566586
206,Ponta do Sol,32.6667,-17.1,295.5,73,64,1.73,PT,1622566586
207,Pravia,43.4906,-6.1508,288.83,94,40,0.61,ES,1622566586
208,Sittwe,20.15,92.9,301.48,83,53,2.65,MM,1622566587
209,Omboué,-1.5746,9.2618,298.82,79,99,2.93,GA,1622566587
210,Dongsheng,39.8161,109.9776,285.68,26,4,8.24,CN,1622566587
211,Vaitape,-16.5167,-151.75,299.39,74,64,6.53,PF,1622566588
212,Castro,-24.7911,-50.0119,293.29,55,2,2.15,BR,1622566588
213,Paamiut,61.994,-49.6678,275.51,86,93,3.99,GL,1622566588
214,Westport,41.1415,-73.3579,298.39,67,100,0.45,US,1622566329
215,Borovoy,55.4333,86.0833,294.75,28,0,1.01,RU,1622566589
216,Valdivia,-39.8142,-73.2459,288.2,90,100,1.92,CL,1622566589
217,Tambura,5.6,27.4667,299.51,69,91,0.72,SS,1622566589
218,Haileybury,47.449,-79.6373,293.47,40,9,3.3,CA,1622566589
219,Thinadhoo,0.5333,72.9333,301.98,70,100,6.83,MV,1622566590
220,Hithadhoo,-0.6,73.0833,302.13,66,100,6.25,MV,1622566590
221,Hamilton,39.1834,-84.5333,297.94,53,90,0.45,US,1622566590
222,Asău,46.4333,26.4,284.68,93,100,2.33,RO,1622566591
223,Lavrentiya,65.5833,-171.0,272.47,74,8,6.64,RU,1622566591
224,Talnakh,69.4865,88.3972,272.61,97,100,0.96,RU,1622566591
225,Zhifang,30.35,114.3167,301.14,66,96,2.07,CN,1622566592
226,Naifaru,5.4444,73.3657,301.65,69,82,7.7,MV,1622566592
227,Garden City,42.3256,-83.331,297.95,43,67,2.64,US,1622566592
228,Nikolskoye,59.7035,30.7861,290.09,64,98,1.84,RU,1622566592
229,Touros,-5.1989,-35.4608,302.65,58,2,6.76,BR,1622566593
230,Kuusamo,65.9667,29.1833,290.17,39,0,3.09,FI,1622566593
231,Sompeta,18.9333,84.6,303.13,78,10,3.99,IN,1622566593
232,Xapuri,-10.6517,-68.5044,297.51,57,100,0.9,BR,1622566594
233,Berlevåg,70.8578,29.0864,281.04,87,75,8.23,NO,1622566594
234,Cantagallo,7.376,-73.9196,304.93,58,100,0.48,CO,1622566594
235,Örnsköldsvik,63.2909,18.7153,292.05,39,0,1.41,SE,1622566595
236,Kidal,18.4411,1.4078,315.25,4,48,2.03,ML,1622566595
237,Torbay,47.6666,-52.7314,291.58,94,90,8.75,CA,1622566595
238,Port Blair,11.6667,92.75,301.67,77,10,2.3,IN,1622566596
239,Norman Wells,65.282,-126.8329,279.17,87,90,6.69,CA,1622566596
240,Pa Sang,18.5262,98.9394,302.51,71,71,1.58,TH,1622566596
241,Oshkosh,44.0247,-88.5426,296.5,74,8,0.79,US,1622566596
242,Laguna,38.421,-121.4238,308.51,42,1,1.79,US,1622566597
243,Srednekolymsk,67.45,153.6833,286.11,41,90,1.16,RU,1622566597
244,Arraial do Cabo,-22.9661,-42.0278,298.13,73,20,3.6,BR,1622566597
245,Collie,-33.3667,116.15,283.7,92,14,0.47,AU,1622566598
246,Kaniama,-7.5667,24.1833,297.23,37,54,0.84,CD,1622566598
247,Farafangana,-22.8167,47.8333,295.0,89,100,3.09,MG,1622566598
248,Partūr,19.6,76.2167,302.24,56,55,1.92,IN,1622566598
249,Arkhangelsk,64.5401,40.5433,285.21,50,20,3.55,RU,1622566435
250,Cedral,23.8,-100.7333,296.98,51,94,4.13,MX,1622566599
251,Hobyo,5.3505,48.5268,299.59,79,91,9.34,SO,1622566599
252,Caraga,9.0,125.7417,293.86,97,100,0.45,PH,1622566599
253,Beringovskiy,63.05,179.3167,272.18,86,68,4.82,RU,1622566600
254,Soyo,-6.1349,12.3689,302.18,77,99,2.8,AO,1622566600
255,Guantánamo,20.1444,-75.2092,304.91,68,59,4.07,CU,1622566600
256,Klaksvík,62.2266,-6.589,282.66,78,100,7.83,FO,1622566600
257,Ancud,-41.8697,-73.8203,282.89,70,51,3.02,CL,1622566601
258,Río Gallegos,-51.6226,-69.2181,271.18,93,75,4.12,AR,1622566601
259,Sambava,-14.2667,50.1667,296.9,78,2,5.25,MG,1622566601
260,Dunedin,-45.8742,170.5036,280.28,71,79,3.09,NZ,1622566491
261,Swellendam,-34.0226,20.4417,286.36,80,11,1.12,ZA,1622566602
262,Belmonte,-15.8631,-38.8828,301.43,64,83,2.91,BR,1622566332
263,Ola,59.5833,151.2833,275.56,99,100,1.2,RU,1622566602
264,Lüshunkou,38.8,121.2667,287.27,91,22,4.24,CN,1622566603
265,Kudahuvadhoo,2.6708,72.8944,302.01,65,73,6.84,MV,1622566603
266,Portland,45.5234,-122.6762,299.27,57,20,1.34,US,1622566091
267,Rognan,67.0953,15.3878,293.57,43,8,3.64,NO,1622566603
268,Clyde River,70.4692,-68.5914,270.28,100,90,1.54,CA,1622566603
269,Bambous Virieux,-20.3428,57.7575,294.29,100,75,6.3,MU,1622566604
270,Lafiagi,8.8667,5.4167,305.16,55,90,2.1,NG,1622566604
271,Ballarat,-37.5662,143.8496,279.81,76,99,2.42,AU,1622566465
272,Vila do Maio,15.1333,-23.2167,300.59,85,71,5.7,CV,1622566604
273,Seoul,37.5683,126.9778,291.86,94,20,0.52,KR,1622566605
274,Puerto Colombia,10.9878,-74.9547,302.2,69,100,3.02,CO,1622566605
275,Dalnerechensk,45.9339,133.7225,285.49,87,96,5.99,RU,1622566605
276,Chapais,49.7834,-74.8492,290.03,56,72,4.83,CA,1622566606
277,Hong Kong,22.2855,114.1577,299.44,91,99,0.45,HK,1622566606
278,Ambovombe,-25.1667,46.0833,293.3,80,100,8.87,MG,1622566606
279,Bengkulu,-3.8004,102.2655,297.91,89,86,1.58,ID,1622566607
280,Pacific Grove,36.6177,-121.9166,296.93,92,90,0.89,US,1622566607
281,Zigong,29.3416,104.7769,295.9,80,99,1.19,CN,1622566607
282,Half Moon Bay,37.4636,-122.4286,301.42,73,20,2.94,US,1622566607
283,Vardø,70.3705,31.1107,284.26,76,75,8.23,NO,1622566608
284,Linxia Chengguanzhen,35.6003,103.2064,289.95,43,94,0.34,CN,1622566608
285,Staryy Nadym,65.6118,72.6842,282.37,70,80,9.81,RU,1622566608
286,Dulce Nombre,14.85,-88.8333,299.14,69,75,0.0,HN,1622566609
287,Lac du Bonnet,50.2536,-96.0612,298.01,37,100,5.08,CA,1622566477
288,Rosarito,32.3333,-117.0333,295.04,73,51,3.03,MX,1622566609
289,Pimentel,-6.8367,-79.9342,293.71,81,90,0.89,PE,1622566609
290,Pierre,44.3683,-100.351,300.37,56,87,2.68,US,1622566547
291,Zhaodong,46.0833,125.9833,284.16,48,16,2.83,CN,1622566610
292,Cabo San Lucas,22.8909,-109.9124,307.32,53,53,2.58,MX,1622566610
293,Nālūt,30.3333,10.85,312.82,9,98,2.96,LY,1622566610
294,Nioro,13.35,-15.75,310.98,24,40,4.53,GM,1622566610
295,Tiznit Province,29.5833,-9.5,297.26,41,4,3.61,MA,1622566611
296,Kosa,59.9445,54.9977,282.4,63,28,2.42,RU,1622566611
297,East London,-33.0153,27.9116,288.67,82,20,1.03,ZA,1622566611
298,Harper,4.375,-7.7169,300.59,78,100,3.69,LR,1622566612
299,Valparaíso,-33.0393,-71.6273,295.28,66,0,2.06,CL,1622566612
300,Vostok,46.4856,135.8833,282.64,97,100,1.14,RU,1622566612
301,Codrington,-38.2667,141.9667,284.97,56,100,2.93,AU,1622566612
302,Sovetskiy,61.3614,63.5842,283.14,64,80,4.68,RU,1622566613
303,Āsosa,10.0667,34.5333,292.07,73,97,0.63,ET,1622566613
304,Cidreira,-30.1811,-50.2056,292.42,48,9,2.75,BR,1622566613
305,Birjand,32.8663,59.2211,304.41,8,20,5.14,IR,1622566614
306,Mukhen,48.1,136.1,285.6,93,100,2.05,RU,1622566614
307,Puerto del Rosario,28.5004,-13.8627,296.97,64,20,6.69,ES,1622566614
308,Prince Rupert,54.3161,-130.3201,286.2,97,90,0.0,CA,1622566615
309,Kyra,49.5776,111.9753,276.22,80,94,1.57,RU,1622566615
310,Jalu,29.0331,21.5482,305.31,19,0,4.66,LY,1622566615
311,Mareeba,-17.0,145.4333,291.55,95,87,1.01,AU,1622566615
312,Nueva Helvecia,-34.3,-57.2333,291.81,63,87,7.02,UY,1622566616
313,Landau,49.2075,8.1133,297.96,51,0,4.08,DE,1622566616
314,Kasongo-Lunda,-6.4667,16.8167,298.7,40,88,0.98,CD,1622566616
315,Zhezkazgan,47.8043,67.7144,296.48,53,0,3.52,KZ,1622566617
316,Padang,-0.9492,100.3543,299.07,85,72,1.49,ID,1622566335
317,Balotra,25.8333,72.2333,309.1,30,0,7.97,IN,1622566617
318,Te Anau,-45.4167,167.7167,280.19,90,100,1.93,NZ,1622566617
319,Ketchikan,55.3422,-131.6461,284.14,99,100,1.21,US,1622566618
320,Saldanha,-33.0117,17.9442,288.18,84,0,4.93,ZA,1622566618
321,Marondera,-18.1853,31.5519,286.7,63,27,2.59,ZW,1622566618
322,San Patricio,28.017,-97.5169,300.97,62,95,5.27,US,1622566619
323,Kendari,-3.945,122.4989,297.07,93,100,0.88,ID,1622566619
324,Huangmei,30.1924,116.025,297.49,88,50,0.47,CN,1622566619
325,Ugoofaaru,5.6667,73.0,301.6,70,93,7.82,MV,1622566619
326,Paita,-5.0892,-81.1144,296.46,69,92,5.68,PE,1622566620
327,Baker City,44.7749,-117.8344,295.44,57,65,1.47,US,1622566486
328,Kurisove,46.9695,30.9591,284.4,85,100,8.09,UA,1622566620
329,Bongor,10.2806,15.3722,306.97,33,100,2.65,TD,1622566620
330,Maragogi,-9.0122,-35.2225,300.51,65,38,3.9,BR,1622566621
331,Buritis,-15.6178,-46.4233,305.78,26,38,1.46,BR,1622566621
332,San Cristobal,7.7669,-72.225,299.25,89,99,2.35,VE,1622566621
333,Bandarbeyla,9.4942,50.8122,300.14,78,91,11.91,SO,1622566622
334,Tshikapa,-6.4167,20.8,299.13,31,75,0.3,CD,1622566622
335,Newport,51.5877,-2.9984,298.21,73,95,4.32,GB,1622566331
336,Mount Gambier,-37.8333,140.7667,283.1,66,75,4.12,AU,1622566377
337,Marawi,7.9986,124.2928,292.4,95,100,2.1,PH,1622566623
338,Katsuura,35.1333,140.3,294.32,84,54,3.41,JP,1622566623
339,Xai-Xai,-25.0519,33.6442,294.77,78,81,5.06,MZ,1622566623
340,Codigoro,44.8311,12.1142,296.53,55,3,4.19,IT,1622566624
341,Hīt,33.6416,42.8251,307.27,13,0,5.06,IQ,1622566624
342,Grindavik,63.8424,-22.4338,282.35,81,75,8.34,IS,1622566624
343,Constantine,36.365,6.6147,302.82,32,75,6.69,DZ,1622566625
344,Hillsborough,37.5741,-122.3794,301.32,73,20,2.24,US,1622566390
345,Lebu,-37.6167,-73.65,287.24,98,100,2.28,CL,1622566625
346,Stanley,-51.7,-57.85,271.31,44,100,2.2,FK,1622566625
347,Kieta,-6.2167,155.6333,299.1,89,83,2.01,PG,1622566626
348,Aswān,24.0934,32.907,313.54,9,1,6.19,EG,1622566453
349,Yabēlo,4.8833,38.0833,289.3,74,97,4.87,ET,1622566626
350,Buraidah,26.326,43.975,313.4,10,0,5.94,SA,1622566626
351,Impfondo,1.6381,18.0667,297.71,77,96,0.83,CG,1622566627
352,Melilla,35.2937,-2.9383,297.26,56,0,5.66,ES,1622566627
353,Dhidhdhoo,6.8833,73.1,301.57,74,43,7.94,MV,1622566369
354,Siyabuswa,-25.1132,29.0445,284.82,82,49,2.13,ZA,1622566452
355,Yaqui,27.3667,-110.1667,305.41,28,0,4.37,MX,1622566627
356,Pundaguitan,6.3711,126.1689,301.03,77,100,2.88,PH,1622566628
357,Barwādih,23.8333,84.1167,302.74,56,52,1.54,IN,1622566628
358,Dauriya,49.9333,116.8667,279.95,58,29,1.32,RU,1622566628
359,Fécamp,49.7579,0.3746,299.64,70,18,4.7,FR,1622566629
360,Puerto Escondido,15.85,-97.0667,304.21,61,100,2.41,MX,1622566629
361,Byron Bay,-28.65,153.6167,286.97,89,46,2.05,AU,1622566588
362,Laas,46.6166,10.7002,292.56,65,42,0.59,IT,1622566629
363,Meulaboh,4.1363,96.1285,298.94,87,100,0.78,ID,1622566630
364,Havelock,34.8791,-76.9013,300.4,60,78,1.79,US,1622566467
365,Springbok,-29.6643,17.8865,284.45,39,0,3.07,ZA,1622566630
366,Wadi Maliz,36.4681,8.5495,301.96,83,94,5.04,TN,1622566520
367,Eyl,7.9803,49.8164,300.07,74,30,9.57,SO,1622566630
368,Cayenne,4.9333,-52.3333,300.17,87,75,0.83,GF,1622566557
369,Muş Province,39.0,41.75,288.45,42,0,4.25,TR,1622566631
370,Gold Coast,-28.0,153.4333,287.59,94,59,2.17,AU,1622566631
371,Los Llanos de Aridane,28.6585,-17.9182,294.01,84,20,1.94,ES,1622566631
372,Bereda,43.2686,-7.5406,295.05,61,25,3.63,ES,1622566632
373,Coquimbo,-29.9533,-71.3436,291.0,67,0,3.38,CL,1622566540
374,Coyhaique,-45.5752,-72.0662,282.12,57,40,2.06,CL,1622566632
375,Bilibino,68.0546,166.4372,285.16,50,10,0.27,RU,1622566632
376,Khani,41.9563,42.9566,288.91,95,52,0.08,GE,1622566633
377,Grand Gaube,-20.0064,57.6608,294.37,75,92,7.87,MU,1622566633
378,Buchanan,5.8808,-10.0467,301.14,75,89,3.38,LR,1622566633
379,Baruun-Urt,46.6806,113.2792,279.18,48,75,3.53,MN,1622566634
380,Itarema,-2.9248,-39.9167,301.21,74,25,5.67,BR,1622566634
381,Rūdbār,30.15,62.6,308.91,7,0,2.75,AF,1622566634
382,Ostrovnoy,68.0531,39.5131,278.85,79,98,5.76,RU,1622566635
383,Eureka,40.8021,-124.1637,292.7,79,70,2.24,US,1622566356
384,Murgab,37.4966,61.9714,309.08,24,0,4.29,TM,1622566635
385,Tezu,27.9167,96.1667,296.24,94,80,0.83,IN,1622566635
386,Bahía Solano,6.2262,-77.4044,299.32,85,100,1.61,CO,1622566636
387,Kaeo,-35.1,173.7833,281.11,95,8,1.61,NZ,1622566636
388,Novoukrainskiy,44.8969,38.0522,291.25,87,82,2.71,RU,1622566636
389,Dickinson,29.4608,-95.0513,302.05,75,40,1.79,US,1622566637
390,Kuril'sk,45.2333,147.8833,275.82,94,84,1.92,RU,1622566637
391,Leningradskiy,69.3833,178.4167,270.56,90,70,5.92,RU,1622566637
392,Mocuba,-16.8392,36.9856,293.75,85,55,1.87,MZ,1622566638
393,Mosal'sk,54.4881,34.9817,285.47,68,45,2.8,RU,1622566638
394,Ibrā’,22.6906,58.5334,309.18,12,1,2.8,OM,1622566638
395,Gizo Government Station,-8.103,156.8419,300.35,84,92,5.5,SB,1622566639
396,College,64.8569,-147.8028,286.33,88,90,0.0,US,1622566639
397,Marsá Maţrūḩ,31.3525,27.2453,296.26,73,0,5.14,EG,1622566639
398,Qaqortoq,60.7167,-46.0333,279.9,60,36,3.75,GL,1622566640
399,Porto-Novo,6.4965,2.6036,302.47,67,89,4.12,BJ,1622566640
400,Lagoa,39.05,-27.9833,288.32,58,57,6.72,PT,1622566640
401,Sioux Lookout,50.1001,-91.917,294.19,37,75,4.12,CA,1622566640
402,Walvis Bay,-22.9575,14.5053,295.68,43,0,6.58,NA,1622566641
403,Socotá,6.0403,-72.6351,285.62,90,100,1.68,CO,1622566641
404,Isangel,-19.55,169.2667,294.3,63,35,4.57,VU,1622566641
405,Yarensk,62.1675,49.0916,281.16,51,47,1.84,RU,1622566642
406,Fortuna,40.5982,-124.1573,288.7,76,56,2.5,US,1622566642
407,Kholm,59.2667,32.85,286.98,60,95,3.77,RU,1622566642
408,Chara,56.9064,118.2631,284.34,69,97,2.58,RU,1622566642
409,Konstantinovka,49.6167,127.9833,283.71,94,75,4.89,RU,1622566643
410,Madison Heights,42.4859,-83.1052,297.95,42,40,2.06,US,1622566643
411,Kawalu,-7.3817,108.2082,296.55,98,88,0.56,ID,1622566643
412,Rakai,-0.72,31.4839,291.0,92,100,2.64,UG,1622566644
413,Sobolevo,54.4299,31.8996,286.16,72,9,2.53,RU,1622566644
414,Mawlaik,23.6333,94.4167,299.23,86,69,0.63,MM,1622566644
415,Barroquinha,-3.0189,-41.1361,305.03,51,20,2.27,BR,1622566645
416,Blackwater,-23.5833,148.8833,287.94,88,10,3.42,AU,1622566645
417,Lompoc,34.6391,-120.4579,298.22,100,90,1.81,US,1622566645
418,Buala,-8.145,159.5921,300.07,85,98,3.34,SB,1622566646
419,La Paz,-16.5,-68.15,288.14,12,40,3.6,BO,1622566258
420,Sokone,13.8833,-16.3667,309.09,39,70,6.23,SN,1622566646
421,Burgeo,47.6167,-57.6152,281.76,97,100,9.49,CA,1622566646
422,Kenai,60.5544,-151.2583,283.72,93,90,1.54,US,1622566647
423,Nānākuli,21.3906,-158.1547,298.77,79,23,2.59,US,1622566647
424,Azare,11.6765,10.1948,311.52,15,77,2.74,NG,1622566647
425,Waingapu,-9.6567,120.2641,297.11,83,100,1.9,ID,1622566647
426,Totness,5.8833,-56.3167,298.45,90,84,3.75,SR,1622566648
427,Kommunisticheskiy,61.6789,64.4819,282.27,71,90,4.86,RU,1622566648
428,Russell,32.3502,-85.1999,301.01,56,65,2.75,US,1622566648
429,Praia da Vitória,38.7333,-27.0667,291.9,63,40,7.08,PT,1622566649
430,Grand Baie,-20.0182,57.5802,294.41,76,90,7.32,MU,1622566649
431,Mossamedes,-15.1961,12.1522,295.77,77,90,3.12,AO,1622566649
432,North Bend,43.4065,-124.2243,296.47,64,50,4.34,US,1622566650
433,Gigmoto,13.7796,124.39,300.6,88,100,5.64,PH,1622566650
434,Snezhnogorsk,69.1933,33.2531,285.03,79,100,6.33,RU,1622566650
435,Lakatoro,-16.0999,167.4164,296.78,77,100,5.27,VU,1622566651
436,Katherine,-14.4667,132.2667,297.33,78,91,3.03,AU,1622566651
437,Göksun,38.021,36.4973,285.69,83,71,5.01,TR,1622566651
438,Mildura,-34.2,142.15,281.13,71,7,2.06,AU,1622566652
439,Araouane,18.9048,-3.5265,316.35,5,27,2.71,ML,1622566652
440,Yambio,4.5721,28.3955,298.66,69,80,2.1,SS,1622566652
441,Oussouye,12.485,-16.5469,308.25,61,76,4.97,SN,1622566652
442,Sur,22.5667,59.5289,307.99,36,0,3.42,OM,1622566653
443,Rovaniemi,66.5,25.7167,291.82,39,0,2.57,FI,1622566653
444,Semnan,35.5729,53.3971,305.16,14,0,2.08,IR,1622566653
445,Moranbah,-22.0016,148.0466,288.09,94,10,3.95,AU,1622566654
446,Pathein,16.7833,94.7333,301.23,81,6,2.13,MM,1622566654
447,High Rock,26.6208,-78.2833,302.16,71,89,6.38,BS,1622566654
448,Saraza,8.7356,117.78,299.6,87,100,1.72,PH,1622566654
449,Santa Maria,-29.6842,-53.8069,293.76,52,0,1.7,BR,1622566655
450,Dalianwan,39.0286,121.695,287.17,94,75,3.51,CN,1622566655
451,Aksu,41.1231,80.2644,299.46,28,100,2.49,CN,1622566655
452,Aras,42.5617,-2.356,291.04,72,75,1.13,ES,1622566656
453,Merauke,-8.4667,140.3333,297.42,88,100,5.71,ID,1622566656
454,Lufilufi,-13.8745,-171.5986,297.03,64,72,6.93,WS,1622566656
455,Ailigandí,9.2333,-78.0167,301.81,74,100,3.54,PA,1622566656
456,Kirksville,40.1948,-92.5833,293.25,73,99,0.89,US,1622566657
457,Nishihara,26.1842,127.7558,297.75,97,90,5.54,JP,1622566657
458,Hambantota,6.1241,81.1185,300.17,80,77,7.85,LK,1622566657
459,Kailua,21.4022,-157.7394,298.79,69,25,4.45,US,1622566658
460,Antofagasta,-23.65,-70.4,294.38,56,1,2.88,CL,1622566658
461,Baie-Comeau,49.2168,-68.1489,290.15,72,1,7.08,CA,1622566658
462,Sibolga,1.7427,98.7792,298.74,84,92,1.65,ID,1622566659
463,Port Lincoln,-34.7333,135.8667,288.72,74,92,1.3,AU,1622566659
464,Morón,-34.6534,-58.6198,291.01,64,90,0.45,AR,1622566533
465,Province of Mantua,45.1667,10.7833,298.73,44,2,2.24,IT,1622566659
466,Bāsār,27.9833,94.6667,293.71,99,95,0.65,IN,1622566659
467,Nioki,-2.7167,17.6833,300.61,43,95,1.23,CD,1622566660
468,Pucallpa,-8.3791,-74.5539,300.17,74,75,2.57,PE,1622566660
469,Mahajanga,-15.7167,46.3167,298.16,88,20,2.06,MG,1622566660
470,Lanzhou,36.0564,103.7922,291.75,22,100,2.77,CN,1622566661
471,Berdigestyakh,62.0989,126.6992,279.98,91,15,2.15,RU,1622566661
472,Luocheng,29.3848,104.0286,294.21,82,97,0.64,CN,1622566661
473,Dublin,37.7021,-121.9358,301.94,51,1,2.68,US,1622566260
474,Eugene,44.0521,-123.0867,298.46,57,26,0.45,US,1622566662
475,San Carlos,9.6612,-68.5827,303.58,56,100,2.61,VE,1622566621
476,Youghal,51.95,-7.8506,292.97,81,21,3.98,IE,1622566662
477,Muros,42.7762,-9.0603,292.68,80,83,3.81,ES,1622566662
478,Molde,62.7375,7.1591,294.21,63,0,2.57,NO,1622566663
479,Saint-François,46.4154,3.9054,299.84,41,0,4.63,FR,1622566663
480,Broome,42.2506,-75.833,296.27,48,100,0.89,US,1622566663
481,Zhangye,38.9342,100.4517,291.65,15,59,2.49,CN,1622566663
482,Spasskoye,44.6108,132.7969,284.56,90,53,5.83,RU,1622566664
483,Selma,36.5708,-119.6121,310.43,44,16,0.85,US,1622566664
484,Bathsheba,13.2167,-59.5167,303.49,51,40,6.72,BB,1622566664
485,Bud,39.447,-86.1758,296.16,61,100,1.27,US,1622566665
486,Şebinkarahisar,40.2883,38.4236,286.75,80,90,2.12,TR,1622566665
487,Nyurba,63.2842,118.3319,285.29,82,93,1.27,RU,1622566665
488,Olenegorsk,68.15,33.3,281.24,90,100,1.68,RU,1622566665
489,Felipe Carrillo Puerto,19.5833,-88.05,307.2,39,46,2.93,MX,1622566666
490,Ossora,59.2353,163.0719,276.81,74,100,1.66,RU,1622566666
491,Kosonsoy,41.2561,71.5508,298.46,47,68,2.6,UZ,1622566666
492,Wajid,3.8093,43.2471,300.14,56,99,6.95,SO,1622566667
493,San Rafael,-34.6177,-68.3301,294.03,36,100,3.27,AR,1622566667
494,Sadsalan,6.8231,124.6222,296.13,97,97,0.34,PH,1622566667
495,Chingola,-12.529,27.8838,290.16,52,65,0.53,ZM,1622566667
496,Bell Ville,-32.6259,-62.6887,292.96,36,73,5.4,AR,1622566668
497,Broken Hill,-31.95,141.4333,285.99,71,90,6.69,AU,1622566668
498,Katobu,-4.9408,122.5276,296.77,92,43,1.92,ID,1622566668
499,Kumul,42.8,93.45,298.43,10,35,7.47,CN,1622566662
500,Finschhafen,-6.6024,147.8681,298.37,86,100,4.66,PG,1622566669
501,Saint Anthony,45.0205,-93.218,298.57,39,56,0.45,US,1622566669
502,Okato,-39.2,173.8833,279.64,83,14,0.73,NZ,1622566669
503,Dodge City,37.7528,-100.0171,291.07,82,90,0.45,US,1622566670
504,Gimli,50.6336,-96.9907,298.27,48,93,3.6,CA,1622566670
505,Aden,12.7794,45.0367,305.04,61,24,3.69,YE,1622566565
506,Agnibilékrou,7.1344,-3.2047,305.33,50,96,1.56,CI,1622566670
507,Hervey Bay,-25.2986,152.8535,290.39,86,60,1.79,AU,1622566671
508,Qui Nhon,13.7667,109.2333,300.97,84,100,1.81,VN,1622566466
509,Charters Towers,-20.1,146.2667,288.61,94,69,3.54,AU,1622566671
510,Kifrī,34.6959,44.9661,308.61,11,0,4.56,IQ,1622566671
511,Guisa,20.255,-76.5386,300.72,76,34,2.52,CU,1622566672
512,Alice Springs,-23.7,133.8833,290.9,29,75,0.99,AU,1622566661
513,Bundibugyo,0.7414,30.0417,297.06,65,100,1.36,UG,1622566672
514,Saint-Joseph,-21.3667,55.6167,296.36,78,42,5.18,RE,1622566672
515,Benghazi,32.1167,20.0667,295.66,66,41,5.86,LY,1622566673
516,Port-Cartier,50.0334,-66.8654,287.27,53,80,4.34,CA,1622566673
517,Daru,-9.0763,143.2092,298.42,81,99,6.92,PG,1622566673
518,Dobrinka,52.1653,40.4731,285.83,77,100,4.35,RU,1622566674
519,Marakkanam,12.2,79.95,303.98,69,37,7.36,IN,1622566674
520,Karachev,53.1229,34.9852,288.09,79,82,2.94,RU,1622566674
521,Khandyga,62.6667,135.6,280.76,70,43,1.05,RU,1622566675
522,Traverse City,44.7631,-85.6206,295.56,54,7,1.63,US,1622566675
523,Pisco,-13.7,-76.2167,293.18,73,75,3.6,PE,1622566473
524,Santa Rosa de Aguán,15.95,-85.7167,305.16,71,38,8.12,HN,1622566675
525,Cedar City,37.6775,-113.0619,299.48,8,62,3.13,US,1622566675
526,Monzón,41.9108,0.1941,296.01,74,100,5.83,ES,1622566676
527,Jacqueville,5.2052,-4.4146,302.1,76,74,4.53,CI,1622566676
528,Dori,14.0354,-0.0345,314.92,12,54,1.73,BF,1622566676
529,Guarapari,-20.6667,-40.4975,299.76,79,96,3.04,BR,1622566677
530,Koumac,-20.5667,164.2833,292.33,71,8,1.74,NC,1622566677
531,Panan,15.2134,120.0272,300.97,75,93,2.01,PH,1622566677
532,Prabumulih,-3.45,104.25,296.72,98,35,1.42,ID,1622566678
533,Eenhana,-17.4667,16.3333,299.01,19,39,1.77,NA,1622566678
534,Winslow,35.0242,-110.6974,301.46,18,5,1.75,US,1622566678
535,Freeport,40.6576,-73.5832,299.42,54,100,1.79,US,1622566638
536,Nemuro,43.3236,145.575,279.47,88,79,3.79,JP,1622566679
537,Martin,27.0837,-80.4164,304.25,68,36,6.08,US,1622566679
538,Igboho,8.8333,3.75,303.01,58,84,4.65,NG,1622566679
539,Poum,-20.2333,164.0167,295.52,58,98,4.16,NC,1622566679
